fs,bench,BLOCK_SIZE,throughput,n,t
lfs3nb,random,4096,40190.202983582305,144689408,57601.862582364
lfs3nb,random,8192,32606.856381778496,117390208,57602.710957704
lfs3nb,random,16384,27622.9363670283,99449088,57603.775212058004
lfs3nb,random,32768,22659.463231682494,81582144,57605.700892012006
lfs3nb,random,65536,17922.80261317001,64534208,57610.825469586
lfs3nb,random,131072,13779.90391120053,49632256,57628.535707377996
lfs3nb,random,262144,10428.7531061681,37567168,57636.36090544799
lfs3nb,random,524288,6916.655799526359,24931392,57672.74139413401
lfs3nb,random,1048576,4173.19489334686,15058880,57735.605197174
